{"cameraMode":{"drawMode":0,"name":"Shaded","section":"Shading Mode"},"sceneLighting":false,"audioPlay":false,"sceneViewState":{"showFog":true,"showMaterialUpdate":true,"showSkybox":true,"showFlares":true,"showImageEffects":true,"showParticleSystems":true},"in2DMode":false,"pivot":{"x":460.59564208984377,"y":88.83999633789063,"z":0.0},"rotation":{"x":-0.00709853321313858,"y":0.9486799240112305,"z":-0.021348899230360986,"w":-0.31543657183647158},"size":248.10232543945313,"orthographic":false}