{"cameraMode":{"drawMode":0,"name":"Shaded","section":"Shading Mode"},"sceneLighting":false,"audioPlay":false,"sceneViewState":{"showFog":true,"showMaterialUpdate":true,"showSkybox":true,"showFlares":true,"showImageEffects":true,"showParticleSystems":true},"in2DMode":false,"pivot":{"x":-0.37724190950393679,"y":319.29718017578127,"z":-540.2052001953125},"rotation":{"x":0.26671841740608218,"y":-0.009539615362882615,"z":0.0026402531657367946,"w":0.9637237191200256},"size":174.28089904785157,"orthographic":true}