{"cameraMode":{"drawMode":0,"name":"Shaded","section":"Shading Mode"},"sceneLighting":false,"audioPlay":false,"sceneViewState":{"showFog":true,"showMaterialUpdate":true,"showSkybox":false,"showFlares":true,"showImageEffects":true,"showParticleSystems":true},"in2DMode":false,"pivot":{"x":-7.146862030029297,"y":12.552342414855957,"z":11.182428359985352},"rotation":{"x":0.06645645201206207,"y":-0.6705294847488403,"z":-0.06051030382514,"w":-0.736418604850769},"size":14.841809272766114,"orthographic":false}