{"cameraMode":{"drawMode":0,"name":"Shaded","section":"Shading Mode"},"sceneLighting":false,"audioPlay":false,"sceneViewState":{"showFog":true,"showMaterialUpdate":true,"showSkybox":true,"showFlares":true,"showImageEffects":true,"showParticleSystems":true},"in2DMode":false,"pivot":{"x":-304.8743591308594,"y":-261.544677734375,"z":-429.1780090332031},"rotation":{"x":0.06565804034471512,"y":-0.9311367869377136,"z":0.2104695588350296,"w":0.290475457906723},"size":645.1146240234375,"orthographic":false}